4716911200001,2,22,305
5489850075138,2,22,305
5149450369466,2,22,305
00WXXR1O3KGAVUO93CTM,,,058
06NNMPCYSZLYKTSE3DSG,,,058
0E1ZMAOQQ8J5DDLWDXPI,,,058
0ESG4MH3ZYL69DJXARQ3,,,058
0JNOJEGRTQPZXOHUVSJW,,,058
0KKUTK1VWJNR9YCCZ31U,,,058
0QU5ECILSJF3KK3VTM5K,,,058
0SO5PLLFFZR5C00Y66XW,,,058
0TJULQHPBKBIZECRIT1D,,,058
0TTYF1RFMDD7BWIQCM1C,,,058
0WT2ER972S86DPX2H9KH,,,058
138OD38XRWJLRHWYFCAV,,,058
151WBRKBHSCSFFLOQIHQ,,,058
19L5HTPK5ANIMTJIP3JW,,,058
1D4D22BGJMANRP5S3BX7,,,058
1DPTRVJIDGKPMTTHFS2I,,,058
1EBSMVKRX6QMAG3IN0NW,,,058
1HHNYFA6CUGSF8GTMPHM,,,058
1S4UOZJWZWPRQXXTTQBT,,,058
21LJQCKO04AARB2ZOYV4,,,058
230YN09RK0OUTTSJVQLX,,,058
2871KC0L8ZI7AVMRRQ39,,,058
2FV8ZV5HV0JQLG0HUCSY,,,058
2G8DPR3WEGUHETH6OOYO,,,058
2LT3OAGRLU7HW1PR4JOO,,,058
2M4P1CV3CXIZWZLTNENF,,,058
2MHZZSPFOPT2W0VPLE5Y,,,058
2NYJFQP7RQBVJABOUVDP,,,058
2SE9ILBCECOBOCV6TOJZ,,,058
2XJS1HHUVPI738B9X16V,,,058